Workbook

Sheet 2026 Contracts
A1: Client | B1: Base Retainer | C1: % of Ad Spend | D1: Notes
A2: Peddle | B2: 0 | C2: 0.055 | D2: 5.5% of ad spend
A3: SUNFLOW | B3: 0 | C3: 0.07 | D3: 7% attributed revenue excl. branded
A4: Sonsie Skin | B4: 4000 | C4: 0.08 | D4: $4K base + 8% revenue share
A5: Kaspar & Lugay | B5: 1000 | C5: 0.05 | D5: $1K base + 5% of ad spend
A6: Wrensilva | B6: 4000 | C6: 0.05 | D6: $4K base + 5% attributed revenue

Sheet 2026 Ad Spend
A1: Client | B1: Jan | C1: Feb | D1: Mar | E1: Apr | F1: May | G1: Jun | H1: Jul | I1: Aug | J1: Sep | K1: Oct | L1: Nov | M1: Dec | N1: Total
A2: Peddle | B2: 1129600 | C2: 1129600 | D2: 1129600 | E2: 1129600 | F2: 1129600 | G2: 1129600 | H2: 1129600 | I2: 1129600 | J2: 1129600 | K2: 1129600 | L2: 1129600 | M2: 1129600 | N2: =SUM(B2:M2) -> 13555200
A3: SUNFLOW | B3: 9000 | C3: 15000 | D3: 42000 | E3: 42000 | F3: 150000 | G3: 210000 | H3: 125000 | I3: 65000 | J3: 15000 | K3: 17000 | L3: 44000 | M3: 32000 | N3: =SUM(B3:M3) -> 766000
A4: Sonsie Skin | B4: 17667 | C4: 17656 | D4: 20000 | E4: 20000 | F4: 74000 | G4: 81000 | H4: 63000 | I4: 42600 | J4: 40000 | K4: 65000 | L4: 90000 | M4: 60000 | N4: =SUM(B4:M4) -> 590923
A5: Kaspar & Lugay | B5: 109880 | C5: 114056 | D5: 119067 | E5: 125081 | F5: 132297 | G5: 140956 | H5: 151347 | I5: 163817 | J5: 178780 | K5: 196736 | L5: 218283 | M5: 244140 | N5: =SUM(B5:M5) -> 1894440
A6: Wrensilva | B6: 100000 | C6: 100000 | D6: 100000 | E6: 100000 | F6: 100000 | G6: 100000 | H6: 100000 | I6: 100000 | J6: 100000 | K6: 120000 | L6: 120000 | M6: 120000 | N6: =SUM(B6:M6) -> 1260000
A7: TOTAL | B7: =SUM(B2:B6) -> 1366147 | C7: =SUM(C2:C6) -> 1376312 | D7: =SUM(D2:D6) -> 1410667 | E7: =SUM(E2:E6) -> 1416681 | F7: =SUM(F2:F6) -> 1585897 | G7: =SUM(G2:G6) -> 1661556 | H7: =SUM(H2:H6) -> 1568947 | I7: =SUM(I2:I6) -> 1501017 | ... N7: =SUM(N2:N6) -> 18066563

Sheet Revenue Projection
A1: Client | B1: Jan | C1: Feb | D1: Mar | E1: Apr | F1: May | G1: Jun | H1: Jul | I1: Aug | J1: Sep | K1: Oct | L1: Nov | M1: Dec | N1: Total
A2: Peddle | B2: ='2026 Contracts'!$B$2+'2026 Ad Spend'!B2*'2026 Contracts'!$C$2 -> 62128 | C2: ='2026 Contracts'!$B$2+'2026 Ad Spend'!C2*'2026 Contracts'!$C$2 -> 62128 | D2: ='2026 Contracts'!$B$2+'2026 Ad Spend'!D2*'2026 Contracts'!$C$2 -> 62128 | E2: ='2026 Contracts'!$B$2+'2026 Ad Spend'!E2*'2026 Contracts'!$C$2 -> 62128 | F2: ='2026 Contracts'!$B$2+'2026 Ad Spend'!F2*'2026 Contracts'!$C$2 -> 62128 | G2: ='2026 Contracts'!$B$2+'2026 Ad Spend'!G2*'2026 Contracts'!$C$2 -> 62128 | H2: ='2026 Contracts'!$B$2+'2026 Ad Spend'!H2*'2026 Contracts'!$C$2 -> 62128 | I2: ='2026 Contracts'!$B$2+'2026 Ad Spend'!I2*'2026 Contracts'!$C$2 -> 62128 | ... M2: ='2026 Contracts'!$B$2+'2026 Ad Spend'!M2*'2026 Contracts'!$C$2 -> 62128 | N2: =SUM(B2:M2) -> 745536
A3: SUNFLOW | B3: ='2026 Contracts'!$B$3+'2026 Ad Spend'!B3*'2026 Contracts'!$C$3 -> 630 | C3: ='2026 Contracts'!$B$3+'2026 Ad Spend'!C3*'2026 Contracts'!$C$3 -> 1050 | D3: ='2026 Contracts'!$B$3+'2026 Ad Spend'!D3*'2026 Contracts'!$C$3 -> 2940 | E3: ='2026 Contracts'!$B$3+'2026 Ad Spend'!E3*'2026 Contracts'!$C$3 -> 2940 | F3: ='2026 Contracts'!$B$3+'2026 Ad Spend'!F3*'2026 Contracts'!$C$3 -> 10500 | G3: ='2026 Contracts'!$B$3+'2026 Ad Spend'!G3*'2026 Contracts'!$C$3 -> 14700 | H3: ='2026 Contracts'!$B$3+'2026 Ad Spend'!H3*'2026 Contracts'!$C$3 -> 8750 | I3: ='2026 Contracts'!$B$3+'2026 Ad Spend'!I3*'2026 Contracts'!$C$3 -> 4550 | ... M3: ='2026 Contracts'!$B$3+'2026 Ad Spend'!M3*'2026 Contracts'!$C$3 -> 2240 | N3: =SUM(B3:M3) -> 53620
A4: Sonsie Skin | B4: ='2026 Contracts'!$B$4+'2026 Ad Spend'!B4*'2026 Contracts'!$C$4 -> 5413.36 | C4: ='2026 Contracts'!$B$4+'2026 Ad Spend'!C4*'2026 Contracts'!$C$4 -> 5412.48 | D4: ='2026 Contracts'!$B$4+'2026 Ad Spend'!D4*'2026 Contracts'!$C$4 -> 5600 | E4: ='2026 Contracts'!$B$4+'2026 Ad Spend'!E4*'2026 Contracts'!$C$4 -> 5600 | F4: ='2026 Contracts'!$B$4+'2026 Ad Spend'!F4*'2026 Contracts'!$C$4 -> 9920 | G4: ='2026 Contracts'!$B$4+'2026 Ad Spend'!G4*'2026 Contracts'!$C$4 -> 10480 | H4: ='2026 Contracts'!$B$4+'2026 Ad Spend'!H4*'2026 Contracts'!$C$4 -> 9040 | I4: ='2026 Contracts'!$B$4+'2026 Ad Spend'!I4*'2026 Contracts'!$C$4 -> 7408 | ... M4: ='2026 Contracts'!$B$4+'2026 Ad Spend'!M4*'2026 Contracts'!$C$4 -> 8800 | N4: =SUM(B4:M4) -> 95273.84
A5: Kaspar & Lugay | B5: ='2026 Contracts'!$B$5+'2026 Ad Spend'!B5*'2026 Contracts'!$C$5 -> 6494 | C5: ='2026 Contracts'!$B$5+'2026 Ad Spend'!C5*'2026 Contracts'!$C$5 -> 6702.8 | D5: ='2026 Contracts'!$B$5+'2026 Ad Spend'!D5*'2026 Contracts'!$C$5 -> 6953.35 | E5: ='2026 Contracts'!$B$5+'2026 Ad Spend'!E5*'2026 Contracts'!$C$5 -> 7254.05 | F5: ='2026 Contracts'!$B$5+'2026 Ad Spend'!F5*'2026 Contracts'!$C$5 -> 7614.85 | G5: ='2026 Contracts'!$B$5+'2026 Ad Spend'!G5*'2026 Contracts'!$C$5 -> 8047.8 | H5: ='2026 Contracts'!$B$5+'2026 Ad Spend'!H5*'2026 Contracts'!$C$5 -> 8567.35 | I5: ='2026 Contracts'!$B$5+'2026 Ad Spend'!I5*'2026 Contracts'!$C$5 -> 9190.85 | ... M5: ='2026 Contracts'!$B$5+'2026 Ad Spend'!M5*'2026 Contracts'!$C$5 -> 13207 | N5: =SUM(B5:M5) -> 106722
A6: Wrensilva | B6: ='2026 Contracts'!$B$6+'2026 Ad Spend'!B6*'2026 Contracts'!$C$6 -> 9000 | C6: ='2026 Contracts'!$B$6+'2026 Ad Spend'!C6*'2026 Contracts'!$C$6 -> 9000 | D6: ='2026 Contracts'!$B$6+'2026 Ad Spend'!D6*'2026 Contracts'!$C$6 -> 9000 | E6: ='2026 Contracts'!$B$6+'2026 Ad Spend'!E6*'2026 Contracts'!$C$6 -> 9000 | F6: ='2026 Contracts'!$B$6+'2026 Ad Spend'!F6*'2026 Contracts'!$C$6 -> 9000 | G6: ='2026 Contracts'!$B$6+'2026 Ad Spend'!G6*'2026 Contracts'!$C$6 -> 9000 | H6: ='2026 Contracts'!$B$6+'2026 Ad Spend'!H6*'2026 Contracts'!$C$6 -> 9000 | I6: ='2026 Contracts'!$B$6+'2026 Ad Spend'!I6*'2026 Contracts'!$C$6 -> 9000 | ... M6: ='2026 Contracts'!$B$6+'2026 Ad Spend'!M6*'2026 Contracts'!$C$6 -> 10000 | N6: =SUM(B6:M6) -> 111000
A7: TOTAL REVENUE | B7: =SUM(B2:B6) -> 83665.36 | C7: =SUM(C2:C6) -> 84293.28 | D7: =SUM(D2:D6) -> 86621.35 | E7: =SUM(E2:E6) -> 86922.05 | F7: =SUM(F2:F6) -> 99162.85 | G7: =SUM(G2:G6) -> 104355.8 | H7: =SUM(H2:H6) -> 97485.35 | I7: =SUM(I2:I6) -> 92276.85 | ... N7: =SUM(N2:N6) -> 1112151.8

Sheet Dashboard
A1: MVR DIGITAL 2026 REVENUE ESTIMATE
A3: KEY METRICS
A4: Projected Annual Revenue | B4: ='Revenue Projection'!N7 -> 1112151.8
A5: Monthly Average | B5: ='Revenue Projection'!N7/12 -> 92679.32
A6: Total Ad Spend Managed | B6: ='2026 Ad Spend'!N7 -> 18066563
A7: Effective Mgmt Fee Rate | B7: ='Revenue Projection'!N7/'2026 Ad Spend'!N7 -> 0.061558573
A9: VS $150K/MO TARGET
A10: Monthly Target | B10: 150000
A11: Projected Avg | B11: =B5 -> 92679.32
A12: Gap | B12: =B11-B10 -> -57320.68
A13: % of Target | B13: =B11/B10 -> 0.61786213
A15: MONTHLY REVENUE
A16: Jan | B16: Feb | C16: Mar | D16: Apr | E16: May | F16: Jun | G16: Jul | H16: Aug | I16: Sep | J16: Oct | K16: Nov | L16: Dec
A17: ='Revenue Projection'!B7 -> 83665.36 | B17: ='Revenue Projection'!C7 -> 84293.28 | C17: ='Revenue Projection'!D7 -> 86621.35 | D17: ='Revenue Projection'!E7 -> 86922.05 | E17: ='Revenue Projection'!F7 -> 99162.85 | F17: ='Revenue Projection'!G7 -> 104355.8 | G17: ='Revenue Projection'!H7 -> 97485.35 | H17: ='Revenue Projection'!I7 -> 92276.85 | ... L17: ='Revenue Projection'!M7 -> 96375
A19: BY CLIENT (Annual)
A20: Peddle | B20: ='Revenue Projection'!N2 -> 745536
A21: SUNFLOW | B21: ='Revenue Projection'!N3 -> 53620
A22: Sonsie Skin | B22: ='Revenue Projection'!N4 -> 95273.84
A23: Kaspar & Lugay | B23: ='Revenue Projection'!N5 -> 106722
A24: Wrensilva | B24: ='Revenue Projection'!N6 -> 111000
