Workbook

Sheet Client Config
A1: Client | B1: Pricing Model | C1: Base Retainer | D1: % of Ad Spend | E1: Commission/Discount | F1: Net % | G1: Notes
A2: Peddle | B2: % of Ad Spend + Creative | C2: 0 | D2: 0.055 | E2: 0 | F2: =D2*(1+E2) -> 0.055 | G2: Plus creative hours at $120/hr
A3: SUNFLOW | B3: % of Attributed Revenue | C3: 0 | D3: 0.07 | E3: 0 | F3: =D3*(1+E3) -> 0.07 | G3: Excludes branded search; +$450 Blotout
A4: Kaspar & Lugay LLP | B4: Base + % of Ad Spend | C4: 1000 | D4: 0.05 | E4: 0 | F4: =D4*(1+E4) -> 0.05 | G4: Plus CC processing fees
A5: Le Prunier | B5: Base + % Attributed Rev | C5: 3500 | D5: 0.07 | E5: -0.15 | F5: =D5*(1+E5) -> 0.0595 | G5: 15% Breef commission reduces net
A6: Wrensilva | B6: Base + % Attributed Rev | C6: 4000 | D6: 0.05 | E6: 0 | F6: =D6*(1+E6) -> 0.05
A7: Sonsie Skin | B7: Base + Revenue Share | C7: 4000 | D7: 0.08 | E7: 0 | F7: =D7*(1+E7) -> 0.08 | G7: Variable rev share; +$350 Blotout
A8: Amrita | B8: Base + % Attributed Rev | C8: 3500 | D8: 0.1 | E8: 0 | F8: =D8*(1+E8) -> 0.1 | G8: Excludes branded search
A9: Pivot Door Company | B9: % of Ad Spend | C9: 0 | D9: 0.06 | E9: 0 | F9: =D9*(1+E9) -> 0.06
A10: KIKI World | B10: Base + % of Ad Spend | C10: 2000 | D10: 0.1 | E10: 0 | F10: =D10*(1+E10) -> 0.1
A11: LP Retail - Greenwich | B11: Flat Fee | C11: 2000 | D11: 0 | E11: 0 | F11: =D11*(1+E11) -> 0
A12: LP Retail - Stamford | B12: Flat Fee | C12: 2000 | D12: 0 | E12: 0 | F12: =D12*(1+E12) -> 0
A13: Bronx and Banco | B13: Flat Fee | C13: 1000 | D13: 0 | E13: 0 | F13: =D13*(1+E13) -> 0
A14: FMW Fasteners | B14: Flat Fee | C14: 1000 | D14: 0 | E14: 0 | F14: =D14*(1+E14) -> 0 | G14: Plus CC processing fee
A15: [New Client 1] | B15: Base + % of Ad Spend | C15: 0 | D15: 0.05 | E15: 0 | F15: =D15*(1+E15) -> 0.05 | G15: Update with actual
A16: [New Client 2] | B16: Base + % of Ad Spend | C16: 0 | D16: 0.05 | E16: 0 | F16: =D16*(1+E16) -> 0.05 | G16: Update with actual

Sheet Ad Spend Input
A1: Client | B1: Jan 2026 | C1: Feb 2026 | D1: Mar 2026 | E1: Apr 2026 | F1: May 2026 | G1: Jun 2026 | H1: Jul 2026 | I1: Aug 2026 | J1: Sep 2026 | K1: Oct 2026 | L1: Nov 2026 | M1: Dec 2026 | N1: Total
A2: Peddle | B2: 700000 | C2: 720000 | D2: 750000 | E2: 780000 | F2: 800000 | G2: 850000 | H2: 900000 | I2: 950000 | J2: 900000 | K2: 850000 | L2: 900000 | M2: 950000 | N2: =SUM(B2:M2) -> 10050000
A3: SUNFLOW | B3: 20000 | C3: 25000 | D3: 40000 | E3: 60000 | F3: 80000 | G3: 100000 | H3: 120000 | I3: 100000 | J3: 60000 | K3: 30000 | L3: 40000 | M3: 80000 | N3: =SUM(B3:M3) -> 755000
A4: Kaspar & Lugay LLP | B4: 80000 | C4: 85000 | D4: 90000 | E4: 95000 | F4: 100000 | G4: 100000 | H4: 100000 | I4: 100000 | J4: 100000 | K4: 95000 | L4: 100000 | M4: 105000 | N4: =SUM(B4:M4) -> 1150000
A5: Le Prunier | B5: 30000 | C5: 35000 | D5: 40000 | E5: 45000 | F5: 50000 | G5: 55000 | H5: 60000 | I5: 55000 | J5: 50000 | K5: 45000 | L5: 50000 | M5: 60000 | N5: =SUM(B5:M5) -> 575000
A6: Wrensilva | B6: 40000 | C6: 45000 | D6: 50000 | E6: 55000 | F6: 60000 | G6: 70000 | H6: 80000 | I6: 90000 | J6: 100000 | K6: 120000 | L6: 130000 | M6: 150000 | N6: =SUM(B6:M6) -> 990000
A7: Sonsie Skin | B7: 30000 | C7: 35000 | D7: 40000 | E7: 45000 | F7: 50000 | G7: 60000 | H7: 80000 | I7: 70000 | J7: 60000 | K7: 70000 | L7: 80000 | M7: 100000 | N7: =SUM(B7:M7) -> 720000
A8: Amrita | B8: 20000 | C8: 22000 | D8: 25000 | E8: 28000 | F8: 30000 | G8: 35000 | H8: 40000 | I8: 45000 | J8: 40000 | K8: 35000 | L8: 40000 | M8: 50000 | N8: =SUM(B8:M8) -> 410000
A9: Pivot Door Company | B9: 25000 | C9: 27000 | D9: 30000 | E9: 32000 | F9: 35000 | G9: 38000 | H9: 40000 | I9: 38000 | J9: 35000 | K9: 33000 | L9: 35000 | M9: 38000 | N9: =SUM(B9:M9) -> 406000
A10: KIKI World | B10: 15000 | C10: 18000 | D10: 20000 | E10: 22000 | F10: 25000 | G10: 28000 | H10: 30000 | I10: 28000 | J10: 25000 | K10: 22000 | L10: 20000 | M10: 25000 | N10: =SUM(B10:M10) -> 278000
A11: LP Retail - Greenwich | B11: 0 | C11: 0 | D11: 0 | E11: 0 | F11: 0 | G11: 0 | H11: 0 | I11: 0 | J11: 0 | K11: 0 | L11: 0 | M11: 0 | N11: =SUM(B11:M11) -> 0
A12: LP Retail - Stamford | B12: 0 | C12: 0 | D12: 0 | E12: 0 | F12: 0 | G12: 0 | H12: 0 | I12: 0 | J12: 0 | K12: 0 | L12: 0 | M12: 0 | N12: =SUM(B12:M12) -> 0
A13: Bronx and Banco | B13: 0 | C13: 0 | D13: 0 | E13: 0 | F13: 0 | G13: 0 | H13: 0 | I13: 0 | J13: 0 | K13: 0 | L13: 0 | M13: 0 | N13: =SUM(B13:M13) -> 0
... A16: [New Client 2] | B16: 0 | C16: 0 | D16: 0 | E16: 0 | F16: 0 | G16: 0 | H16: 0 | I16: 0 | J16: 0 | K16: 0 | L16: 0 | M16: 0 | N16: =SUM(B16:M16) -> 0
A17: TOTAL AD SPEND | B17: =SUM(B2:B16) -> 960000 | C17: =SUM(C2:C16) -> 1012000 | D17: =SUM(D2:D16) -> 1085000 | E17: =SUM(E2:E16) -> 1162000 | F17: =SUM(F2:F16) -> 1230000 | G17: =SUM(G2:G16) -> 1336000 | H17: =SUM(H2:H16) -> 1450000 | I17: =SUM(I2:I16) -> 1476000 | ... N17: =SUM(N2:N16) -> 15334000

Sheet Revenue Projection
A1: Client | B1: Jan 2026 | C1: Feb 2026 | D1: Mar 2026 | E1: Apr 2026 | F1: May 2026 | G1: Jun 2026 | H1: Jul 2026 | I1: Aug 2026 | J1: Sep 2026 | K1: Oct 2026 | L1: Nov 2026 | M1: Dec 2026 | N1: Total
A2: Peddle | B2: ='Client Config'!$C$2+'Ad Spend Input'!B2*'Client Config'!$F$2 -> 38500 | C2: ='Client Config'!$C$2+'Ad Spend Input'!C2*'Client Config'!$F$2 -> 39600 | D2: ='Client Config'!$C$2+'Ad Spend Input'!D2*'Client Config'!$F$2 -> 41250 | E2: ='Client Config'!$C$2+'Ad Spend Input'!E2*'Client Config'!$F$2 -> 42900 | F2: ='Client Config'!$C$2+'Ad Spend Input'!F2*'Client Config'!$F$2 -> 44000 | G2: ='Client Config'!$C$2+'Ad Spend Input'!G2*'Client Config'!$F$2 -> 46750 | H2: ='Client Config'!$C$2+'Ad Spend Input'!H2*'Client Config'!$F$2 -> 49500 | I2: ='Client Config'!$C$2+'Ad Spend Input'!I2*'Client Config'!$F$2 -> 52250 | ... M2: ='Client Config'!$C$2+'Ad Spend Input'!M2*'Client Config'!$F$2 -> 52250 | N2: =SUM(B2:M2) -> 552750
A3: SUNFLOW | B3: ='Client Config'!$C$3+'Ad Spend Input'!B3*'Client Config'!$F$3 -> 1400 | C3: ='Client Config'!$C$3+'Ad Spend Input'!C3*'Client Config'!$F$3 -> 1750 | D3: ='Client Config'!$C$3+'Ad Spend Input'!D3*'Client Config'!$F$3 -> 2800 | E3: ='Client Config'!$C$3+'Ad Spend Input'!E3*'Client Config'!$F$3 -> 4200 | F3: ='Client Config'!$C$3+'Ad Spend Input'!F3*'Client Config'!$F$3 -> 5600 | G3: ='Client Config'!$C$3+'Ad Spend Input'!G3*'Client Config'!$F$3 -> 7000 | H3: ='Client Config'!$C$3+'Ad Spend Input'!H3*'Client Config'!$F$3 -> 8400 | I3: ='Client Config'!$C$3+'Ad Spend Input'!I3*'Client Config'!$F$3 -> 7000 | ... M3: ='Client Config'!$C$3+'Ad Spend Input'!M3*'Client Config'!$F$3 -> 5600 | N3: =SUM(B3:M3) -> 52850
A4: Kaspar & Lugay LLP | B4: ='Client Config'!$C$4+'Ad Spend Input'!B4*'Client Config'!$F$4 -> 5000 | C4: ='Client Config'!$C$4+'Ad Spend Input'!C4*'Client Config'!$F$4 -> 5250 | D4: ='Client Config'!$C$4+'Ad Spend Input'!D4*'Client Config'!$F$4 -> 5500 | E4: ='Client Config'!$C$4+'Ad Spend Input'!E4*'Client Config'!$F$4 -> 5750 | F4: ='Client Config'!$C$4+'Ad Spend Input'!F4*'Client Config'!$F$4 -> 6000 | G4: ='Client Config'!$C$4+'Ad Spend Input'!G4*'Client Config'!$F$4 -> 6000 | H4: ='Client Config'!$C$4+'Ad Spend Input'!H4*'Client Config'!$F$4 -> 6000 | I4: ='Client Config'!$C$4+'Ad Spend Input'!I4*'Client Config'!$F$4 -> 6000 | ... M4: ='Client Config'!$C$4+'Ad Spend Input'!M4*'Client Config'!$F$4 -> 6250 | N4: =SUM(B4:M4) -> 69500
A5: Le Prunier | B5: ='Client Config'!$C$5+'Ad Spend Input'!B5*'Client Config'!$F$5 -> 5285 | C5: ='Client Config'!$C$5+'Ad Spend Input'!C5*'Client Config'!$F$5 -> 5582.5 | D5: ='Client Config'!$C$5+'Ad Spend Input'!D5*'Client Config'!$F$5 -> 5880 | E5: ='Client Config'!$C$5+'Ad Spend Input'!E5*'Client Config'!$F$5 -> 6177.5 | F5: ='Client Config'!$C$5+'Ad Spend Input'!F5*'Client Config'!$F$5 -> 6475 | G5: ='Client Config'!$C$5+'Ad Spend Input'!G5*'Client Config'!$F$5 -> 6772.5 | H5: ='Client Config'!$C$5+'Ad Spend Input'!H5*'Client Config'!$F$5 -> 7070 | I5: ='Client Config'!$C$5+'Ad Spend Input'!I5*'Client Config'!$F$5 -> 6772.5 | ... M5: ='Client Config'!$C$5+'Ad Spend Input'!M5*'Client Config'!$F$5 -> 7070 | N5: =SUM(B5:M5) -> 76212.5
A6: Wrensilva | B6: ='Client Config'!$C$6+'Ad Spend Input'!B6*'Client Config'!$F$6 -> 6000 | C6: ='Client Config'!$C$6+'Ad Spend Input'!C6*'Client Config'!$F$6 -> 6250 | D6: ='Client Config'!$C$6+'Ad Spend Input'!D6*'Client Config'!$F$6 -> 6500 | E6: ='Client Config'!$C$6+'Ad Spend Input'!E6*'Client Config'!$F$6 -> 6750 | F6: ='Client Config'!$C$6+'Ad Spend Input'!F6*'Client Config'!$F$6 -> 7000 | G6: ='Client Config'!$C$6+'Ad Spend Input'!G6*'Client Config'!$F$6 -> 7500 | H6: ='Client Config'!$C$6+'Ad Spend Input'!H6*'Client Config'!$F$6 -> 8000 | I6: ='Client Config'!$C$6+'Ad Spend Input'!I6*'Client Config'!$F$6 -> 8500 | ... M6: ='Client Config'!$C$6+'Ad Spend Input'!M6*'Client Config'!$F$6 -> 11500 | N6: =SUM(B6:M6) -> 97500
A7: Sonsie Skin | B7: ='Client Config'!$C$7+'Ad Spend Input'!B7*'Client Config'!$F$7 -> 6400 | C7: ='Client Config'!$C$7+'Ad Spend Input'!C7*'Client Config'!$F$7 -> 6800 | D7: ='Client Config'!$C$7+'Ad Spend Input'!D7*'Client Config'!$F$7 -> 7200 | E7: ='Client Config'!$C$7+'Ad Spend Input'!E7*'Client Config'!$F$7 -> 7600 | F7: ='Client Config'!$C$7+'Ad Spend Input'!F7*'Client Config'!$F$7 -> 8000 | G7: ='Client Config'!$C$7+'Ad Spend Input'!G7*'Client Config'!$F$7 -> 8800 | H7: ='Client Config'!$C$7+'Ad Spend Input'!H7*'Client Config'!$F$7 -> 10400 | I7: ='Client Config'!$C$7+'Ad Spend Input'!I7*'Client Config'!$F$7 -> 9600 | ... M7: ='Client Config'!$C$7+'Ad Spend Input'!M7*'Client Config'!$F$7 -> 12000 | N7: =SUM(B7:M7) -> 105600
A8: Amrita | B8: ='Client Config'!$C$8+'Ad Spend Input'!B8*'Client Config'!$F$8 -> 5500 | C8: ='Client Config'!$C$8+'Ad Spend Input'!C8*'Client Config'!$F$8 -> 5700 | D8: ='Client Config'!$C$8+'Ad Spend Input'!D8*'Client Config'!$F$8 -> 6000 | E8: ='Client Config'!$C$8+'Ad Spend Input'!E8*'Client Config'!$F$8 -> 6300 | F8: ='Client Config'!$C$8+'Ad Spend Input'!F8*'Client Config'!$F$8 -> 6500 | G8: ='Client Config'!$C$8+'Ad Spend Input'!G8*'Client Config'!$F$8 -> 7000 | H8: ='Client Config'!$C$8+'Ad Spend Input'!H8*'Client Config'!$F$8 -> 7500 | I8: ='Client Config'!$C$8+'Ad Spend Input'!I8*'Client Config'!$F$8 -> 8000 | ... M8: ='Client Config'!$C$8+'Ad Spend Input'!M8*'Client Config'!$F$8 -> 8500 | N8: =SUM(B8:M8) -> 83000
A9: Pivot Door Company | B9: ='Client Config'!$C$9+'Ad Spend Input'!B9*'Client Config'!$F$9 -> 1500 | C9: ='Client Config'!$C$9+'Ad Spend Input'!C9*'Client Config'!$F$9 -> 1620 | D9: ='Client Config'!$C$9+'Ad Spend Input'!D9*'Client Config'!$F$9 -> 1800 | E9: ='Client Config'!$C$9+'Ad Spend Input'!E9*'Client Config'!$F$9 -> 1920 | F9: ='Client Config'!$C$9+'Ad Spend Input'!F9*'Client Config'!$F$9 -> 2100 | G9: ='Client Config'!$C$9+'Ad Spend Input'!G9*'Client Config'!$F$9 -> 2280 | H9: ='Client Config'!$C$9+'Ad Spend Input'!H9*'Client Config'!$F$9 -> 2400 | I9: ='Client Config'!$C$9+'Ad Spend Input'!I9*'Client Config'!$F$9 -> 2280 | ... M9: ='Client Config'!$C$9+'Ad Spend Input'!M9*'Client Config'!$F$9 -> 2280 | N9: =SUM(B9:M9) -> 24360
A10: KIKI World | B10: ='Client Config'!$C$10+'Ad Spend Input'!B10*'Client Config'!$F$10 -> 3500 | C10: ='Client Config'!$C$10+'Ad Spend Input'!C10*'Client Config'!$F$10 -> 3800 | D10: ='Client Config'!$C$10+'Ad Spend Input'!D10*'Client Config'!$F$10 -> 4000 | E10: ='Client Config'!$C$10+'Ad Spend Input'!E10*'Client Config'!$F$10 -> 4200 | F10: ='Client Config'!$C$10+'Ad Spend Input'!F10*'Client Config'!$F$10 -> 4500 | G10: ='Client Config'!$C$10+'Ad Spend Input'!G10*'Client Config'!$F$10 -> 4800 | H10: ='Client Config'!$C$10+'Ad Spend Input'!H10*'Client Config'!$F$10 -> 5000 | I10: ='Client Config'!$C$10+'Ad Spend Input'!I10*'Client Config'!$F$10 -> 4800 | ... M10: ='Client Config'!$C$10+'Ad Spend Input'!M10*'Client Config'!$F$10 -> 4500 | N10: =SUM(B10:M10) -> 51800
A11: LP Retail - Greenwich | B11: ='Client Config'!$C$11+'Ad Spend Input'!B11*'Client Config'!$F$11 -> 2000 | C11: ='Client Config'!$C$11+'Ad Spend Input'!C11*'Client Config'!$F$11 -> 2000 | D11: ='Client Config'!$C$11+'Ad Spend Input'!D11*'Client Config'!$F$11 -> 2000 | E11: ='Client Config'!$C$11+'Ad Spend Input'!E11*'Client Config'!$F$11 -> 2000 | F11: ='Client Config'!$C$11+'Ad Spend Input'!F11*'Client Config'!$F$11 -> 2000 | G11: ='Client Config'!$C$11+'Ad Spend Input'!G11*'Client Config'!$F$11 -> 2000 | H11: ='Client Config'!$C$11+'Ad Spend Input'!H11*'Client Config'!$F$11 -> 2000 | I11: ='Client Config'!$C$11+'Ad Spend Input'!I11*'Client Config'!$F$11 -> 2000 | ... M11: ='Client Config'!$C$11+'Ad Spend Input'!M11*'Client Config'!$F$11 -> 2000 | N11: =SUM(B11:M11) -> 24000
A12: LP Retail - Stamford | B12: ='Client Config'!$C$12+'Ad Spend Input'!B12*'Client Config'!$F$12 -> 2000 | C12: ='Client Config'!$C$12+'Ad Spend Input'!C12*'Client Config'!$F$12 -> 2000 | D12: ='Client Config'!$C$12+'Ad Spend Input'!D12*'Client Config'!$F$12 -> 2000 | E12: ='Client Config'!$C$12+'Ad Spend Input'!E12*'Client Config'!$F$12 -> 2000 | F12: ='Client Config'!$C$12+'Ad Spend Input'!F12*'Client Config'!$F$12 -> 2000 | G12: ='Client Config'!$C$12+'Ad Spend Input'!G12*'Client Config'!$F$12 -> 2000 | H12: ='Client Config'!$C$12+'Ad Spend Input'!H12*'Client Config'!$F$12 -> 2000 | I12: ='Client Config'!$C$12+'Ad Spend Input'!I12*'Client Config'!$F$12 -> 2000 | ... M12: ='Client Config'!$C$12+'Ad Spend Input'!M12*'Client Config'!$F$12 -> 2000 | N12: =SUM(B12:M12) -> 24000
A13: Bronx and Banco | B13: ='Client Config'!$C$13+'Ad Spend Input'!B13*'Client Config'!$F$13 -> 1000 | C13: ='Client Config'!$C$13+'Ad Spend Input'!C13*'Client Config'!$F$13 -> 1000 | D13: ='Client Config'!$C$13+'Ad Spend Input'!D13*'Client Config'!$F$13 -> 1000 | E13: ='Client Config'!$C$13+'Ad Spend Input'!E13*'Client Config'!$F$13 -> 1000 | F13: ='Client Config'!$C$13+'Ad Spend Input'!F13*'Client Config'!$F$13 -> 1000 | G13: ='Client Config'!$C$13+'Ad Spend Input'!G13*'Client Config'!$F$13 -> 1000 | H13: ='Client Config'!$C$13+'Ad Spend Input'!H13*'Client Config'!$F$13 -> 1000 | I13: ='Client Config'!$C$13+'Ad Spend Input'!I13*'Client Config'!$F$13 -> 1000 | ... M13: ='Client Config'!$C$13+'Ad Spend Input'!M13*'Client Config'!$F$13 -> 1000 | N13: =SUM(B13:M13) -> 12000
A14: FMW Fasteners | B14: ='Client Config'!$C$14+'Ad Spend Input'!B14*'Client Config'!$F$14 -> 1000 | C14: ='Client Config'!$C$14+'Ad Spend Input'!C14*'Client Config'!$F$14 -> 1000 | D14: ='Client Config'!$C$14+'Ad Spend Input'!D14*'Client Config'!$F$14 -> 1000 | E14: ='Client Config'!$C$14+'Ad Spend Input'!E14*'Client Config'!$F$14 -> 1000 | F14: ='Client Config'!$C$14+'Ad Spend Input'!F14*'Client Config'!$F$14 -> 1000 | G14: ='Client Config'!$C$14+'Ad Spend Input'!G14*'Client Config'!$F$14 -> 1000 | H14: ='Client Config'!$C$14+'Ad Spend Input'!H14*'Client Config'!$F$14 -> 1000 | I14: ='Client Config'!$C$14+'Ad Spend Input'!I14*'Client Config'!$F$14 -> 1000 | ... M14: ='Client Config'!$C$14+'Ad Spend Input'!M14*'Client Config'!$F$14 -> 1000 | N14: =SUM(B14:M14) -> 12000
A15: [New Client 1] | B15: ='Client Config'!$C$15+'Ad Spend Input'!B15*'Client Config'!$F$15 -> 0 | C15: ='Client Config'!$C$15+'Ad Spend Input'!C15*'Client Config'!$F$15 -> 0 | D15: ='Client Config'!$C$15+'Ad Spend Input'!D15*'Client Config'!$F$15 -> 0 | E15: ='Client Config'!$C$15+'Ad Spend Input'!E15*'Client Config'!$F$15 -> 0 | F15: ='Client Config'!$C$15+'Ad Spend Input'!F15*'Client Config'!$F$15 -> 0 | G15: ='Client Config'!$C$15+'Ad Spend Input'!G15*'Client Config'!$F$15 -> 0 | H15: ='Client Config'!$C$15+'Ad Spend Input'!H15*'Client Config'!$F$15 -> 0 | I15: ='Client Config'!$C$15+'Ad Spend Input'!I15*'Client Config'!$F$15 -> 0 | ... M15: ='Client Config'!$C$15+'Ad Spend Input'!M15*'Client Config'!$F$15 -> 0 | N15: =SUM(B15:M15) -> 0
A16: [New Client 2] | B16: ='Client Config'!$C$16+'Ad Spend Input'!B16*'Client Config'!$F$16 -> 0 | C16: ='Client Config'!$C$16+'Ad Spend Input'!C16*'Client Config'!$F$16 -> 0 | D16: ='Client Config'!$C$16+'Ad Spend Input'!D16*'Client Config'!$F$16 -> 0 | E16: ='Client Config'!$C$16+'Ad Spend Input'!E16*'Client Config'!$F$16 -> 0 | F16: ='Client Config'!$C$16+'Ad Spend Input'!F16*'Client Config'!$F$16 -> 0 | G16: ='Client Config'!$C$16+'Ad Spend Input'!G16*'Client Config'!$F$16 -> 0 | H16: ='Client Config'!$C$16+'Ad Spend Input'!H16*'Client Config'!$F$16 -> 0 | I16: ='Client Config'!$C$16+'Ad Spend Input'!I16*'Client Config'!$F$16 -> 0 | ... M16: ='Client Config'!$C$16+'Ad Spend Input'!M16*'Client Config'!$F$16 -> 0 | N16: =SUM(B16:M16) -> 0
A17: TOTAL REVENUE | B17: =SUM(B2:B16) -> 79085 | C17: =SUM(C2:C16) -> 82352.5 | D17: =SUM(D2:D16) -> 86930 | E17: =SUM(E2:E16) -> 91797.5 | F17: =SUM(F2:F16) -> 96175 | G17: =SUM(G2:G16) -> 102902.5 | H17: =SUM(H2:H16) -> 110270 | I17: =SUM(I2:I16) -> 111202.5 | ... N17: =SUM(N2:N16) -> 1185572.5

Sheet Dashboard
A1: MVR DIGITAL - 2026 REVENUE ESTIMATE DASHBOARD
A3: ANNUAL SUMMARY
A4: Projected Annual Revenue | B4: ='Revenue Projection'!N17 -> 1185572.5
A5: Monthly Average | B5: ='Revenue Projection'!N17/12 -> 98797.708
A6: Total Ad Spend Managed | B6: ='Ad Spend Input'!N17 -> 15334000
A7: Avg Effective Rate | B7: ='Revenue Projection'!N17/'Ad Spend Input'!N17 -> 0.077316584
A9: VS TARGETS
A10: Monthly Target | B10: 150000
A11: Projected Monthly Avg | B11: =B5 -> 98797.708
A12: Gap to Target | B12: =B10-B11 -> 51202.292
A13: % of Target | B13: =B11/B10 -> 0.65865139
A15: MONTHLY REVENUE PROJECTION
A16: Jan | B16: Feb | C16: Mar | D16: Apr | E16: May | F16: Jun | G16: Jul | H16: Aug | I16: Sep | J16: Oct | K16: Nov | L16: Dec
A17: ='Revenue Projection'!B17 -> 79085 | B17: ='Revenue Projection'!C17 -> 82352.5 | C17: ='Revenue Projection'!D17 -> 86930 | D17: ='Revenue Projection'!E17 -> 91797.5 | E17: ='Revenue Projection'!F17 -> 96175 | F17: ='Revenue Projection'!G17 -> 102902.5 | G17: ='Revenue Projection'!H17 -> 110270 | H17: ='Revenue Projection'!I17 -> 111202.5 | ... L17: ='Revenue Projection'!M17 -> 115950
A18: =$B$10 -> 150000 | B18: =$B$10 -> 150000 | C18: =$B$10 -> 150000 | D18: =$B$10 -> 150000 | E18: =$B$10 -> 150000 | F18: =$B$10 -> 150000 | G18: =$B$10 -> 150000 | H18: =$B$10 -> 150000 | ... L18: =$B$10 -> 150000
A20: TOP CLIENTS (Projected Annual)
A21: Peddle | B21: ='Revenue Projection'!N2 -> 552750
A22: SUNFLOW | B22: ='Revenue Projection'!N3 -> 52850
A23: Kaspar & Lugay LLP | B23: ='Revenue Projection'!N4 -> 69500
A24: Wrensilva | B24: ='Revenue Projection'!N6 -> 97500
A25: Sonsie Skin | B25: ='Revenue Projection'!N7 -> 105600
